PersonId,FirstName,LastName
,Mandy,Le Galle
,Theadora,Watkiss
,Kiri,Lawless
,Tonia,Neeson
,Krissie,Beaten
,Evan,Sokill
,Roby,Cardello
,Rora,McCandie
,Kata,Fulham
,Dulcia,Brewin
,Kari,Chatband
,Jake,Wand
,Arlyn,Sjollema
,Avis,Banaszkiewicz
,Olwen,Rydings
,Ema,Layton
,Caye,Helstrom
,Susie,Wanden
,Martin,Treasaden
,Constantino,Evelyn
,Hildagarde,Forrestall
,Saloma,Nevet
,Scarface,Feilden
,Dareen,McRobbie
,Karilynn,Baudino
,Clovis,Scandrick
,Jo ann,Hymer
,Kristofor,Bahde
,Earle,Eburah
,Heath,Posselwhite
,Cayla,Seden
,Urson,McAneny
,Tristam,Fahrenbacher
,Ronni,Laidel
,Celestyna,Gerritzen
,Genovera,Giscken
,Graeme,Bow
,Isac,Ranyelld
,Marlee,Seear
,Courtenay,Steggles
,Byrann,Kyneton
,Carrissa,Whitchurch
,Mari,Dowthwaite
,Patin,Prestwich
,Ingeborg,Risdall
,Tonya,Haughin
,Lemmie,Conaghan
,Aloysia,Randle
,Sibyl,Harnell
,Niles,Weed
,Sibbie,Gillyatt
,Lita,Richardes
,Sheena,Cristofano
,Rhoda,McGiffin
,Vance,Hourihane
,Joanne,Lamputt
,Meryl,Itzcak
,Noelle,Pennell
,Kayne,Grealy
,Allin,De Filippis
,Elayne,Willman
,Inge,Marzello
,Merola,Davy
,Maxi,Meads
,Quincy,Guy
,Ariadne,Ingliss
,Parry,Flement
,Pearle,Meeke
,Ingrid,Reedie
,Aundrea,Borrill
,Merline,Laminman
,Rick,Varley
,Archambault,Glyne
,Camel,Di Angelo
,Gertrude,Cuerdale
,Manya,Kirkham
,Adolphus,Kynforth
,Dorry,Fenn
,Jyoti,Lopes
,Lindon,Huonic
,Gianina,Bachman
,Tynan,Oldershaw
,Hephzibah,Wedmore
,Beck,Muro
,Myrvyn,Puckring
,Madelin,Harnes
,Anjanette,Le Brum
,Zia,Anthill
,Ron,Ceccoli
,Nathanil,Tuny
,Odelle,Izod
,Grethel,Olman
,Kristoffer,Stubbings
,Jaclin,Narup
,Tibold,Klausen
,Reena,Bindin
,Jon,Dallmann
,Hasheem,Baskeyfield
,Almeria,Moncreiff
,Paquito,Covelle
,Hi,Vlies
,Miner,Prodrick
,Bobbie,Barnewille
,Estelle,Cubbini
,D'arcy,Abels
,Standford,Saer
,Adrianna,Axelbey
,Kendra,Doubleday
,Yolanda,Klauber
,Sibyl,Sanpere
,Powell,MacRonald
,Gwenette,Fraser
,Sheff,Cutmere
,Cynthea,Wiseman
,Maxine,Dutchburn
,Sonny,Lethardy
,Adelaide,Gilgryst
,Tobey,Garlette
,Cloe,Tant
,Zebulon,Clewlowe
,Loren,Giacomoni
,Rivkah,Janota
,Jens,Writer
,Cyndy,MacCome
,Margery,Gori
,Orelee,Tuvey
,Jody,Keepe
,Worthington,Ennever
,Traver,Hollow
,Malcolm,Pykerman
,Abby,Gregoretti
,Doloritas,Fazan
,Bat,Arbuckle
,Reeba,Torrejon
,Nomi,Cuming
,Donovan,Boutflour
,Poppy,Cranefield
,Ly,McNabb
,Meghann,Bazylets
,Elsbeth,Fremantle
,Corrinne,Pecht
,Diego,Selkirk
,Edmon,Katz
,Lesley,Abbitt
,Donia,Pennini
,Hirsch,Frackiewicz
,Allissa,Stanislaw
,Allys,Keyse
,Kleon,Buntain
,Marlyn,Comiam
,Rutger,Heimann
,Kaleena,Illsley
,Morie,Gilffillan
,Tedie,Meah
,Saundra,Huscroft
,Auberta,Twells
,Efren,Arnatt
,Koren,Rampton
,Pavlov,Purtell
,Maurita,Stanett
,Pyotr,Bretelle
,Aliza,Hebblewhite
,Helena,Besson
,Kathe,Sproul
,Christian,Splevings
,Clair,MacCome
,Thoma,Walthall
,Travis,Georgeson
,Dion,Pavitt
,Theresa,Bruckman
,Godard,Purbrick
,Bo,Le feaver
,Osmund,Peschmann
,Perceval,Pershouse
,Hedy,Janjic
,Skylar,Mowen
,Bethanne,Kirdsch
,Dorolice,Ierland
,Etta,Blackett
,Randall,Beazley
,Cyndy,Hawkslee
,Misty,O'Flaherty
,Tessi,Boatwright
,Krystyna,Ferriman
,Rubetta,Knappitt
,Steffane,Tollett
,Tiffi,Kimbrough
,Addi,Pharrow
,Mordecai,Taylerson
,Marlon,Licciardiello
,Addie,Hartill
,Connie,Hillburn
,Adelaide,Melvin
,Cole,Perutto
,Catharine,Eriksson
,Ebonee,Simioli
,Felix,Jeffray
,Caz,MacGillespie
,Mil,McGrann
,Jamaal,Kardos
,Cazzie,Wildor
,Aridatha,Bein
,Eadmund,Greir
,Waylin,Talks
,Cyb,Santostefano.
,Gan,Tankus
,Annabelle,Lind
,Karel,Burvill
,Ashton,Doughton
,Carlene,Trewin
,Hildy,Blose
,Vida,Norcliff
,Rosalia,Dumingos
,Wallis,Heustice
,Devonna,Corssen
,Doe,Wathey
,Bel,Rishworth
,Hilde,Eaglestone
,Kermy,Missenden
,Lela,Fotheringham
,Berty,Embra
,Joanna,Goulborne
,Guillaume,Widdows
,Garland,Muir
,Phedra,Llewhellin
,Derril,Winteringham
,Arlen,Gelardi
,Ravid,Hazael
,Gay,Romeo
,Richie,Eppson
,Carleen,Swatheridge
,Abra,Uttley
,Leilah,Breston
,Christel,Cereceres
,Daveta,Streeting
,Reed,Cullity
,Almire,Demead
,Rustie,Ramel
,Ray,Perkinson
,Graeme,Christopherson
,Thom,Finker
,Bobby,Bjorkan
,Judd,Coytes
,Roseline,Eckh
,Dianne,Kerwin
,Ely,Hartley
,Katherina,Petrie
,Dulce,Layman
,Matilde,McGrae
,Gwendolen,Clines
,Luciano,Nussen
,Irwinn,Armatys
,Cammy,MacGinlay
,Menard,Simonato
,Grace,Nibloe
,Twyla,Skews
,Arnuad,Blackett
,Charlotta,Tussaine
,Eada,Le Fleming
,Ebenezer,Scain
,Brynn,Owthwaite
,Yvon,Goligly
,Margo,Miners
,Leila,Marrian
,Tabbie,Castleman
,Stirling,Gerauld
,Barri,Prettyman
,Ignaz,Mora
,Georges,Kerwood
,Sharlene,Deinert
,Roth,Getley
,Gar,Fermoy
,Rossie,Bromhead
,Wynnie,Lung
,Daphna,Prew
,Bess,Reilinger
,Marchelle,Cristofol
,Dori,Saice
,Gaylene,Hopkins
,Levy,Lavin
,Kip,Dillingston
,Beverie,Gooley
,Lezlie,Huntley
,Sunny,Pecha
,Christa,Albrecht
,Bell,Tocher
,Lemuel,Logsdail
,Flossi,Linden
,Kelli,Hulance
,Kristofer,Bursnell
,Renae,Sautter
,Lorrin,Jina
,Far,O'Noland
,Hamnet,Lote
,Carree,Hartshorn
,Engracia,Barnshaw
,Vitia,Klamp
,Jaquelyn,Lugard
,Georgetta,Ould
,Cloe,Schlagtmans
,Daisy,Maffiotti
,Linnet,Greenhowe
,Erminia,Pexton
,Elyn,Flann
,Saba,Gori
,Stavros,Prenty
,Selle,Lead
,Zane,Presslie
,Marius,Beange
,Izabel,Brock
,Meggi,Jordi
,Lynelle,M'Quharg
,Susanetta,Airey
,Kort,Sommerlie
,Aidan,Murricanes
,Marcille,Casetta
,Patrice,Wilkie
,Thaddeus,Houtby
,Salvador,Gerbl
,Richy,Karys
,Jordain,Bartolic
,Carolann,Loram
,Vassili,Cristofalo
,Roger,Killigrew
,Percy,Clissold
,Fitzgerald,Collison
,Abbe,Lansbury
,Nariko,Edgcombe
,Marybeth,Chisman
,Camala,Carnock
,Pavlov,Volker
,Inesita,Robez
,Margo,Trinder
,Sancho,Crecy
,Esta,Killelay
,Tobey,Stelle
,Gladi,Bowen
,Gene,Maudson
,Sonny,Yukhnin
,Constantine,Bouskill
,Fredric,Warlaw
,Findley,Rainford
,Danna,Ismail
,Findlay,Keer
,Sada,Coltart
,Lesya,Van der Kruys
,Darren,Alwen
,Katine,Guerra
,Ammamaria,Stoade
,Tammi,Aspole
,Winny,Cuvley
,Margot,Goosey
,Patrizius,Matten
,Tadd,Castagno
,Zarah,McManamon
,Pierson,Frigot
,Michale,Emson
,Elmo,Whiteoak
,Maegan,Dudny
,Alfreda,Kellock
,Brant,Foystone
,Bennie,Crang
,Fraser,Kingswood
,Vinny,De Blasio
,Clem,De Mitris
,Moll,Krzyzanowski
,Zandra,Keane
,Shena,Ploughwright
,Mill,Killwick
,Othello,Cousens
,Bronny,Majury
,Novelia,Whittaker
,Laney,Wolfindale
,Jeffie,MacPharlain
,Chloette,Gilleon
,Wyndham,Goldberg
,Buckie,Hartropp
,Clevie,Willans
,Lucine,Karlowicz
,Simeon,Kelway
,Boot,Stronge
,Elene,Legion
,Jemima,Antoney
,Kellina,Spinas
,Arlette,Dormon
,Robb,Faich
,Norris,Tomsen
,Tracie,Schrieves
,Hernando,Haddrell
,Sonny,Pirdy
,Charlotte,Westcarr
,Elliott,Timbrell
,Luelle,Colin
,Farlay,McClarence
,Lombard,Lockhart
,Leupold,Tremble
,Cicily,Dowtry
,Lisette,Derl
,Quill,Newitt
,Neal,Dominiak
,Roanna,Aiskrigg
,Dayle,MacLaig
,Kristin,Wain
,Micheline,McCurdy
,Jena,Tixall
,Olivier,Castagneri
,Yardley,Keirl
,Kean,Call
,Eleanora,Smedmoor
,Major,Revel
,Wayland,Gilhooly
,Waiter,Gerler
,Johnna,Speer
,Christoforo,Wilsone
,Ileane,Choak
,Clarabelle,Manders
,Paige,Tankus
,Kareem,Danilovitch
,Westley,Tibbs
,Noble,Bromley
,Shelby,Collumbell
,Aindrea,Ostick
,Andie,Burg
,Cecily,Duinkerk
,Mattie,Paskins
,Thoma,Haker
,Jodi,Halvosen
,Marcelle,Golland
,Muffin,Stockin
,Wynny,Tripett
,Jorrie,Hellikes
,Matilde,Bosquet
,Erin,Ballantyne
,Hanni,Rozanski
,Katharine,Kinsett
,Chrystel,Upson
,Ashlie,Perazzo
,Tracie,Feldklein
,Betta,Nairne
,Becky,MacCurtain
,Hollis,Charette
,Sidnee,Cullinan
,Daveta,Mecchi
,Pammy,Upcraft
,Pancho,Tombleson
,Emylee,Boardman
,Gardner,Hourihane
,Aubine,Elmhirst
,Cornela,Toffolini
,Trevar,Petherick
,Kahlil,Attenborough
,Shelly,Gaylor
,Ashlan,Sopp
,Gaye,Mathew
,Amabel,Easterby
,Alec,Beeden
,Ellis,Eykelhof
,Anna,Jauncey
,Fanchon,Weighell
,Conchita,Goodoune
,Clarisse,Willisch
,Durand,Dunckley
,Jude,Pitcaithly
,Jonathon,Lambird
,Janeczka,Corlett
,Mill,Knee
,Emylee,Cavnor
,Danna,Idle
,Gabbie,Gittings
,Morris,Dredge
,Ortensia,Kinker
,Nara,Walker
,Kamilah,Cage
,Bernard,Disbrey
,Linda,De Santos
,Lenka,Hambelton
,Kinnie,Fandrich
,Jorey,Meade
,Louisette,Delooze
,Traci,Ruprechter
,Gilburt,Yeardley
,Tedie,Sanbrook
,Manfred,Fernehough
,Duky,Falloon
,Ofelia,Wade
,Trstram,Haldon
,Yasmin,Pfeffle
,Nikki,Bealing
,Marris,Latour
,Ailey,Harmstone
,Chrotoem,Duncombe
,Collete,Havick
,Dov,Pollicatt
,Jobyna,Hardwin
,Lane,Rojel
,Nessy,Denziloe
,Britni,Lowbridge
,Carce,Medina
,Agustin,Tustin
,Isacco,Parades
,Maxwell,Chisholm
,Rickie,Corragan
,Jeffrey,Dabney
,Bettina,Yeudall
,Kendrick,Wille
,Bobbie,Ridgedell
,Philbert,Greensite
,Mel,Linde
,Honey,Sellick
,Tommie,Gullane
,Roddie,Calvey
,Hewie,Mooney
,Ruperta,Lamblin
,Lennard,Crooks
,Amerigo,Haly
,Enrique,Jansey
,Janetta,Dawbery
,Sanson,Dowty
,Ursuline,Foakes
,Dede,Marchant
,Spenser,Lacer
,Krissy,Newport
,Petronia,Crab
,Nadiya,Talton
,Amelia,Midson
,Annmaria,Sawkins
,Anissa,Boyles
,Ertha,Bittlestone
,Jessa,Tyreman
,Robby,Dovermann
,Almeta,Robbel
,Errol,Grennan
,Marielle,Stockport
,Odette,Mapp
,Colline,Balsom
,Bendite,Trengrouse
,Wilma,Crosser
,Alfreda,Whiteford
,Kerby,Storch
,Shaylah,Saphin
,Aubrie,Durnford
,Liza,Brickstock
,Parker,Lovie
,Nealy,Challenger
,Kevyn,Shayler
,Marlowe,Wrigley
,Dwight,Bottrill
,Fae,Garvan
,Lyle,Binney
,Erhart,Merrien
,Allard,MacKeig
,Rodolph,Dyos
,Monte,Stoggell
,Cyb,Just
,Tailor,Thomazin
,Reginald,Brittle
,Federica,Treby
,Maryjane,Montes
,Henryetta,Tams
,Rasla,Cleynaert
,Andi,Belvard
,Davida,Bloxland
,Gordan,Gremain
,Chilton,Ruslin
,Angelita,Bracchi
,Patin,Josefsohn
,Gladi,Roylance
,Gaile,Kybert
,Bear,Pietri
,Ahmed,McCallam
,Lyn,Masserel
,Anastassia,Gunney
,Fields,Checcucci
,Michaelina,Mochan
,Janeta,Lavender
,Cassandra,Hilling
,Letitia,Unthank
,Deane,Brixham
,Hortensia,O'Roan
,Ardra,Marwood
,Ashli,Morl
,Coleman,Sirr
,Sharon,Confort
,Horatia,Kybert
,Benita,Rewcastle
,Brynn,Goreway
,Em,Manginot
,Caprice,Dowears
,Mil,McDermott
,Rayner,Gallie
,Ediva,Powley
,Locke,McTrusty
,Deeann,L'Homme
,Lowrance,Rowter
,Fredek,Keaveney
,Nerissa,Henighan
,Mella,Rogans
,Davita,Janik
,Caryl,Biddleston
,Eugenio,Theaker
,Reeva,Hasley
,Laurene,Veelers
,Hastings,Antoniou
,Ramonda,Toma
,Fayre,Brooksby
,Kirsten,Spira
,Tremain,Hentzer
,Tabatha,Rowbottom
,Joelie,Ducker
,Mirna,Brydell
,Brendin,McCallion
,Tersina,Vanderplas
,Lane,Seagrove
,Walt,Hawyes
,Rufus,McBeth
,Gerianna,Fodden
,Ximenes,Dunabie
,Paula,Cortese
,Sal,Crier
,Falito,Gildea
,Munmro,Francesco
,Tomaso,Derricoat
,Biron,Bowerman
,Tammy,Luckcuck
,Milt,Ratley
,Perceval,Vasler
,Darline,Binge
,Meredithe,Fooks
,Gaby,Stebbings
,Farra,Etienne
,Luciana,Langwade
,Giffer,Tinkler
,Olia,Birts
,Hedwiga,Bromet
,Layney,Worsnup
,Malanie,Standall
,Eva,Taks
,Coletta,Hinge
,Susette,Pendred
,Zara,Imlach
,Derward,Torbard
,Ricky,Ratke
,Eda,Skittrell
,Gusty,Gorstidge
,Chaim,Dryburgh
,Zerk,Meier
,Ellerey,Hargraves
,Ginevra,Noblet
,Terese,Brazer
,Malia,Battabee
,Galina,Hurndall
,Opaline,Simnel
,Adolphus,Grahlmans
,Libbi,Najafian
,Lil,Marousek
,Darrick,Yousef
,Florentia,Rickardsson
,Prescott,Loseke
,Artie,Nuton
,Gabrielle,O'Mullally
,Berthe,Crookshank
,Adolpho,Grunder
,Bennie,Annott
,Verne,Blei
,Velma,Boatman
,Karen,Lascelles
,Tierney,Brunnen
,Skipton,Manhare
,Rennie,Livingstone
,Shayne,Daglish
,Jaime,Tuckwell
,Carlie,Leeke
,Carey,Gonzales
,Sergeant,Timeby
,Herb,Rubinow
,Thalia,Mackison
,Ulises,Currom
,Richardo,Gomersall
,Townsend,MacDwyer
,Therese,Portt
,Caralie,Ibel
,Hayyim,Sandys
,Kiele,Dreamer
,Hadley,Mardling
,Meg,Thewlis
,Monro,Sidnell
,Lillian,Giraudou
,Grete,Ledner
,Ruben,Ivatt
,Hewett,Swire
,De witt,Laviste
,Manda,Rattenberie
,Coletta,Haberjam
,Urbano,Carlan
,Henryetta,Avarne
,Mattie,Greeding
,Idalia,Coggill
,Glenn,Downey
,Georgianne,Tockell
,Meredeth,Yanyushkin
,Sharyl,Craggs
,Doti,O'Hannay
,Jaine,Doward
,Bary,Kilmurry
,Lizzie,Braim
,Vaclav,Skehens
,Reiko,Bray
,Ninette,Epps
,Whitney,Triswell
,Dorolice,Meddemmen
,Westley,Sissens
,Chanda,Gatward
,Deerdre,Davall
,Winnifred,Pigott
,Uriel,Loughran
,Row,Capener
,Agnesse,Bownas
,Blane,Grundey
,Lorne,Bygate
,Harriet,Ever
,Deane,Pabel
,Rikki,Chaloner
,Jermain,Wortley
,Austen,Escala
,Denice,Harlett
,Ralf,Tuddall
,Nelia,Duberry
,Kayle,McKew
,Dani,Backsal
,Truda,Masdon
,Randa,Duxfield
,Beau,Battlestone
,Gilli,Lovelady
,Gabriello,Jouning
,Wat,McCague
,Kelcy,Willingham
,Judith,Garett
,Barron,Carletto
,Hammad,Bartlam
,Lia,Ion
,Fiona,Clews
,Madlen,Meggison
,Crawford,Duncklee
,Kayley,Bater
,Rosana,Sygroves
,Ailis,Godthaab
,Hillyer,Wornham
,Austin,Alten
,Blondy,Risom
,Liza,Menghi
,Jelene,Gong
,Noam,Bunton
,Petronilla,Branchett
,Eve,Draisey
,Mateo,Note
,Jacky,Ilyin
,Pru,Rainsbury
,Savina,Brussels
,Denise,Hirjak
,Felipe,Corbishley
,Devina,Shorto
,Trev,Dur
,Eloise,Hamer
,Yehudit,Dougliss
,Elene,Derrick
,Edeline,Hanna
,Paige,Baggiani
,Moyra,Kelk
,Ester,Fishburn
,Alvan,Thornley
,Neill,Hawkeridge
,Magdaia,Landon
,Christean,Vasovic
,Horton,Ashbey
,Phil,Stiger
,Jeannette,Scoyne
,Ketti,Cardnell
,Paddie,Atchly
,Buddy,Brocklehurst
,Ginny,Kusick
,Griz,Manwaring
,Alida,Layson
,Sharline,Ferrolli
,Orly,Marran
,Amelina,Signoret
,Gerrard,Basketter
,Wyn,Matczak
,Jenn,Vivyan
,Mel,Streetfield
,Minerva,Felipe
,Randie,Plante
,Gris,Klauer
,Courtney,Saggs
,Vicki,Mathes
,Remus,Symington
,Evvy,Roderham
,Shanie,Doyle
,Tallou,Fippe
,Gabie,D'Adamo
,Mick,Sawbridge
,Danika,Mapam
,Perri,Davidoff
,Kat,Matuska
,Meghann,Jerrand
,Clemmy,Ilyin
,Rita,Losemann
,Sven,Weight
,Glory,Renon
,Fanechka,Scibsey
,Tirrell,Becconsall
,Ansley,Tumber
,Rudy,Chessum
,Dodi,Mycroft
,Leonanie,Cradock
,Kristofor,Schultze
,Thoma,Cheeke
,Joshia,Aspy
,Winn,Abdey
,Berkley,Lamp
,Twyla,Colafate
,Tanney,Klainer
,Andrey,Moynham
,Eyde,Dallinder
,Saxon,Jills
,Ingrid,Beebe
,Emmey,Bransden
,Jervis,Roney
,Willetta,Brendish
,Cherie,Lulham
,Kippy,Manklow
,Kirk,Denkin
,Vasili,Jent
,Stanwood,Gonsalo
,Calvin,Cobello
,Sharia,Jewkes
,Gaylor,Charnick
,Inness,Aldwich
,Lebbie,Maciunas
,Callida,Pell
,Gael,Shotboult
,Wiatt,Boribal
,Fonzie,Ashmore
,Sadye,Justis
,Anni,Aloigi
,Lezlie,Farren
,Hillel,Skellen
,Schuyler,Abella
,Marin,Solomonides
,Quentin,Stilgo
,Agustin,Samudio
,Benjy,O'Dreain
,Leila,Hurrell
,Lorine,Mallan
,Aubrey,McEachern
,Dorene,Okeshott
,Rafael,Hiskey
,Elisabet,Halsall
,Carling,Ough
,Ariella,Dolbey
,Windham,Ramplee
,Cecelia,Mountjoy
,Ann-marie,Skate
,Jessie,Oades
,Olivette,Allix
,Easter,Purdey
,Cissy,Rocco
,Kassia,Aldersley
,Danie,Vicker
,Alasteir,Ewin
,Marietta,Scotchmore
,Alane,Wyne
,Trudey,Paolacci
,Wilmer,Izzatt
,Dorine,Peye
,Gavrielle,Gull
,Elie,Baudinelli
,Otes,Cadman
,Bil,Puckey
,Cully,McMorran
,Barney,Felgate
,Arch,Patshull
,Rois,Gozzett
,Terri,Bracken
,Hortensia,McLagain
,Frannie,Weldrick
,Elicia,Eisikovitsh
,Berry,Bachman
,Blisse,Pentycost
,Lindsay,Eschalotte
,Gabbey,Groome
,Brendis,Pendreigh
,Aldon,Balogh
,Lida,Van De Cappelle
,Astra,Salthouse
,Brandyn,Barstow
,Fifine,Tschersich
,Janice,Stranks
,Sylvester,Youster
,Gabbey,Demetr
,Thebault,Domingues
,Lydie,Claris
,Clari,Lebbern
,Jolie,Chateau
,Anastasie,Petricek
,Alonso,Pinkstone
,Wernher,Simionato
,Heidi,Maryon
,Tedd,Bricknall
,Beverlee,Blenkinsop
,Balduin,Bushen
,Horatius,Pilipyak
,Christen,Hukins
,Goldarina,Rawson
,Emelita,O'Lenane
,Lita,Parade
,Palm,Charlet
,Thaddeus,Glanders
,Millisent,Broe
,Edik,Paulmann
,Layney,Kleinpeltz
,Maia,Janaway
,Sean,Cattenach
,Jobye,Halfhyde
,Harriot,Laite
,Gussy,Dawney
,Stanly,Bolesworth
,Maurise,Venable
,Electra,Hirth
,Dona,McGing
,Lorilyn,Baden
,Jameson,Guislin
,Francisco,Wellstead
,Fawn,Stewart
,Othelia,Fiveash
,Coralie,Fallens
,Riordan,Grouer
,Guillaume,Sprulls
,Cleopatra,Girdwood
,Aprilette,Wennam
,Eb,Saphir
,Pandora,Schole
,Wrennie,Carnihan
,Meridel,Marthen
,Winona,Coomber
,Hope,Claris
,Ezri,Escala
,Lexie,Leppo
,Morissa,Davidov
,Shaylynn,Devitt
,Orion,Olech
,Liva,Ucceli
,Kathe,Causby
,Kristen,Hastings
,Carrissa,Wootton
,Adrianna,Hollows
,Jennie,Coie
,Joelie,Foystone
,Phillida,Eilhermann
,Lyndel,Baskeyfied
,Lefty,Morphew
,Gabi,Black
,Tamma,Rea
,Neall,Troyes
,Ricki,Churn
,Jody,Knights
,Josy,Heberden
,Dominique,Corbould
,Cary,Soppitt
,Zsa zsa,Waplington
,Lyssa,Whittick
,Corella,Riatt
,Aldo,Yanuk
,Charline,Gumley
,Charo,Bineham
,Bartolemo,Blackney
,Agnese,Trayton
,Shep,Braz
,Kaia,Slorance
,Latrena,Uebel
,Fletch,Timby
,Lyda,Spry
,Ailbert,Paniman
,Laurene,Chinnock
,Ellswerth,Costard
,Brannon,Dwire
,Benjie,Sijmons
,Candace,Polino
,Kirby,Feeney
,Peggi,Hourihan
,Marya,Lewsie
,Georgeanne,Enrrico
,Guido,Lisciandri
,Elysee,Buney
,Vincenz,Luty
,Kerstin,Seaward
,Talbert,Eslie
,Frannie,MacPherson
,Maybelle,Lighterness
,Lurline,Attarge
,Karney,Coopper
